N,P,K,temperature,humidity,ph,rainfall,crop
102,80,45,35.55,60.8,8.32,194.2,Soybean
92,13,195,24.51,37.72,4.7,79.8,Sugarcane
14,8,32,34.39,51.52,7.8,59.12,Cotton
106,39,0,39.11,87.03,6.04,63.19,Wheat
71,65,146,20.09,47.93,6.65,258.54,Barley
20,108,30,28.08,78.79,8.68,79.49,Soybean
102,24,141,22.18,33.2,5.99,61.29,Sugarcane
121,102,52,34.82,67.07,6.59,159.47,Cotton
74,72,47,29.44,88.39,4.56,261.0,Sugarcane
87,117,68,30.86,27.13,4.87,115.6,Wheat
116,21,104,34.95,20.58,5.66,155.43,Barley
99,106,89,24.9,50.35,4.63,59.98,Barley
103,109,189,37.88,26.48,7.34,162.27,Wheat
130,3,193,28.33,72.39,6.42,194.4,Sugarcane
52,25,191,18.95,84.02,6.97,192.73,Sugarcane
1,57,197,32.4,50.38,5.29,133.11,Barley
87,28,62,34.83,38.11,5.83,128.88,Soybean
37,108,72,22.92,50.41,7.49,76.66,Soybean
129,97,160,36.43,70.64,8.84,141.7,Soybean
20,86,168,37.65,20.63,4.73,74.87,Rice
57,36,88,21.92,61.26,8.51,241.65,Cotton
21,74,175,39.59,62.93,7.1,291.57,Cotton
88,69,12,18.52,64.64,7.04,292.52,Soybean
48,17,72,20.05,36.94,6.75,266.27,Cotton
58,84,76,19.61,69.98,4.81,200.2,Sugarcane
14,41,158,37.35,26.4,4.9,225.22,Barley
50,99,67,31.36,33.95,7.2,121.3,Cotton
107,40,97,18.8,81.42,6.03,207.69,Cotton
54,37,124,26.01,71.71,8.63,163.91,Wheat
63,33,101,30.38,20.96,6.33,170.5,Soybean
130,16,131,17.09,37.39,5.14,239.44,Wheat
50,36,101,37.06,35.01,7.72,120.48,Soybean
134,24,18,35.09,38.96,5.82,129.51,Soybean
20,101,197,27.63,37.33,6.86,281.16,Wheat
72,75,81,39.18,24.38,7.64,64.06,Soybean
17,86,140,25.44,52.13,8.55,171.41,Maize
131,116,22,39.6,71.29,8.06,278.2,Sugarcane
88,105,82,31.7,62.47,7.54,202.59,Cotton
59,85,108,30.87,67.1,7.56,186.6,Sugarcane
13,84,74,19.15,25.68,8.76,112.44,Sugarcane
8,26,128,37.05,86.6,5.83,135.82,Maize
89,56,87,25.69,78.69,4.51,263.01,Maize
52,30,53,19.06,76.36,5.72,189.8,Wheat
129,5,198,15.32,77.61,5.48,178.69,Barley
83,90,88,28.99,85.29,7.48,74.89,Sugarcane
91,39,142,28.18,58.1,7.35,54.01,Maize
110,97,64,32.98,34.02,7.17,290.92,Soybean
7,11,75,37.26,63.17,4.57,144.25,Rice
34,108,198,16.99,72.0,7.78,200.8,Sugarcane
80,52,142,33.29,71.65,5.96,69.93,Soybean
49,70,148,19.69,56.5,7.49,220.78,Maize
103,9,146,36.45,24.79,7.0,283.14,Wheat
131,44,59,35.48,45.98,6.04,193.92,Rice
1,16,92,28.52,84.45,5.11,81.53,Soybean
133,25,160,32.76,60.91,4.92,195.43,Maize
53,84,48,22.86,57.68,8.24,241.59,Soybean
105,91,34,26.78,38.82,8.63,151.6,Soybean
3,61,171,35.54,45.79,7.42,269.96,Wheat
53,45,101,26.48,82.67,4.97,212.17,Sugarcane
43,63,10,23.94,66.65,6.31,274.81,Rice
13,1,98,27.36,75.12,7.78,205.88,Soybean
94,53,199,35.71,51.8,8.01,82.82,Maize
47,106,109,23.38,64.12,5.03,127.42,Sugarcane
14,64,73,19.34,37.39,4.5,100.45,Cotton
39,50,193,32.8,69.38,7.7,277.21,Barley
81,52,173,35.65,49.93,6.1,240.1,Wheat
110,35,8,17.52,50.98,5.65,219.1,Rice
52,114,2,21.0,65.45,4.56,125.24,Barley
23,25,84,18.55,85.54,6.93,96.01,Cotton
123,28,25,23.7,24.48,8.33,239.11,Soybean
40,20,71,26.26,77.73,8.81,168.54,Maize
14,10,47,33.72,40.47,7.05,106.45,Sugarcane
44,39,193,31.28,51.07,6.82,204.16,Wheat
64,10,197,30.52,21.53,4.88,60.08,Barley
88,35,155,23.81,41.07,6.97,131.54,Soybean
70,112,116,36.04,55.18,6.21,167.14,Soybean
8,58,153,26.78,23.93,7.23,86.99,Maize
87,38,152,39.48,54.38,6.25,296.16,Maize
128,103,11,30.85,84.9,5.58,102.27,Wheat
135,98,132,18.16,27.38,4.93,82.59,Soybean
62,53,47,31.9,73.51,5.92,100.88,Soybean
138,97,36,23.13,48.68,4.93,242.27,Soybean
80,54,43,32.16,65.86,5.3,156.38,Sugarcane
135,110,14,16.74,38.22,8.94,191.35,Barley
32,23,42,19.37,31.16,6.5,55.25,Barley
122,117,175,36.39,31.23,6.89,58.61,Sugarcane
4,21,86,20.68,24.93,8.43,161.46,Cotton
40,68,69,35.93,33.0,8.98,254.16,Rice
27,55,45,21.98,66.5,7.12,271.31,Cotton
134,32,107,31.07,81.72,8.16,71.68,Barley
71,35,122,32.35,76.99,5.97,184.59,Maize
11,110,170,27.82,67.96,5.88,278.31,Wheat
32,19,20,22.63,27.73,6.31,146.99,Maize
47,82,150,20.32,40.24,7.53,257.39,Wheat
61,98,106,15.83,41.69,7.57,83.42,Soybean
36,115,79,22.6,37.5,5.92,283.85,Sugarcane
98,106,46,31.33,56.05,5.1,237.86,Wheat
103,80,116,38.46,57.49,7.35,285.33,Barley
34,61,123,36.78,44.98,5.08,219.15,Barley
100,108,142,34.15,44.77,7.1,140.85,Barley
130,106,24,34.71,78.0,7.62,284.55,Barley
0,97,35,31.62,75.25,7.65,118.89,Soybean
4,72,50,21.51,41.55,7.89,133.04,Rice
102,25,14,37.68,83.97,8.43,225.2,Rice
26,65,67,31.77,86.7,6.75,241.33,Barley
136,116,20,29.01,42.87,7.79,282.35,Rice
14,72,140,17.77,44.81,7.29,101.2,Wheat
89,72,18,26.18,55.39,5.34,249.5,Cotton
41,39,33,26.51,85.88,4.62,234.64,Wheat
123,16,77,36.61,81.34,5.78,65.95,Wheat
62,0,124,28.67,27.18,6.49,146.81,Soybean
95,88,195,24.51,47.49,7.28,120.69,Soybean
51,60,116,39.42,58.74,8.32,126.12,Wheat
95,42,51,17.77,55.22,5.38,295.74,Soybean
131,103,26,25.56,33.57,5.06,210.69,Rice
28,41,156,16.05,80.12,8.84,229.42,Barley
35,24,155,33.5,67.39,4.99,294.15,Wheat
12,38,34,37.95,78.65,6.65,144.3,Soybean
70,34,135,22.0,80.11,7.14,250.46,Barley
85,2,143,36.46,72.38,6.94,158.63,Sugarcane
27,113,105,22.31,50.74,4.89,267.38,Maize
65,100,163,37.77,62.74,4.76,95.16,Soybean
44,107,157,33.85,31.23,4.97,286.92,Cotton
61,43,145,35.12,67.16,7.14,104.69,Soybean
133,50,1,15.45,32.55,6.95,131.56,Sugarcane
27,93,176,39.07,68.58,5.55,239.05,Cotton
27,101,76,33.17,36.07,7.37,148.44,Barley
107,97,131,22.62,28.23,8.19,202.05,Cotton
43,11,89,35.73,31.57,4.69,161.14,Cotton
83,18,88,22.04,20.14,6.74,235.59,Wheat
29,100,93,36.82,70.31,7.6,107.08,Maize
74,43,6,17.81,71.27,5.64,64.61,Wheat
127,58,94,32.59,56.05,5.88,124.98,Barley
91,48,107,28.52,31.3,7.26,168.58,Wheat
128,60,73,17.41,25.85,8.54,92.01,Barley
120,16,38,21.05,21.34,8.14,138.7,Cotton
26,73,140,15.31,31.6,7.12,150.0,Maize
120,56,158,26.72,82.36,7.79,64.35,Wheat
115,54,70,22.53,36.91,6.14,195.83,Cotton
2,112,190,29.96,44.8,7.38,271.09,Barley
102,46,55,22.43,27.37,6.6,87.94,Barley
136,11,169,22.5,35.57,5.35,199.45,Maize
61,61,188,33.58,56.35,7.66,216.18,Sugarcane
50,79,41,16.2,62.54,7.0,154.83,Cotton
58,87,183,37.57,37.17,6.11,225.27,Rice
117,82,35,36.31,24.04,8.6,152.68,Maize
95,7,83,31.7,47.37,4.59,176.16,Wheat
112,94,195,29.83,36.39,5.92,51.84,Maize
61,20,117,37.31,35.37,4.76,222.93,Wheat
51,80,6,19.63,87.19,7.95,215.34,Soybean
11,86,53,16.97,63.14,7.66,59.6,Soybean
38,100,128,20.99,58.98,5.99,142.06,Cotton
129,117,171,34.86,49.1,7.54,294.76,Cotton
130,79,119,15.87,50.03,6.28,155.18,Wheat
112,69,172,29.57,57.86,7.9,175.49,Soybean
100,71,105,39.89,68.75,6.54,277.48,Rice
112,24,46,36.39,69.15,6.36,229.32,Cotton
80,81,122,28.04,32.02,8.71,195.52,Rice
112,88,140,16.59,55.01,5.63,249.45,Sugarcane
1,11,118,35.78,48.84,5.04,266.09,Soybean
129,14,149,29.97,80.94,7.13,164.22,Barley
53,58,117,17.87,64.2,8.86,168.78,Sugarcane
86,25,20,17.35,57.28,6.2,146.51,Wheat
128,104,136,37.74,28.08,4.78,291.68,Maize
125,108,25,31.73,62.39,6.03,224.29,Cotton
129,25,8,35.73,28.2,6.78,70.81,Rice
52,46,14,36.97,43.6,5.23,265.74,Barley
67,31,9,29.29,30.0,7.46,170.14,Rice
122,9,121,27.94,68.45,8.99,67.19,Soybean
37,15,120,25.76,34.44,6.53,187.43,Maize
23,70,124,22.92,47.43,6.1,154.29,Rice
68,16,169,25.86,82.7,6.3,269.44,Cotton
115,22,71,34.35,34.3,5.02,101.0,Cotton
97,25,151,30.05,55.55,8.47,256.62,Cotton
138,84,48,37.31,49.35,6.37,189.42,Barley
96,85,153,26.08,21.27,6.24,63.65,Barley
123,6,90,30.18,75.49,7.47,292.96,Soybean
69,13,36,30.78,24.83,6.49,178.15,Cotton
92,78,67,29.79,53.2,7.42,122.72,Cotton
2,116,49,32.57,59.25,4.78,167.35,Wheat
89,6,151,20.94,63.99,8.16,264.46,Soybean
95,8,18,27.81,68.2,8.73,126.23,Barley
51,114,99,17.61,37.73,7.42,98.17,Rice
127,47,59,24.61,20.7,8.8,82.27,Sugarcane
38,71,166,27.19,70.64,5.18,124.46,Rice
81,113,88,31.31,57.5,6.65,245.01,Barley
103,58,145,38.76,78.53,7.21,167.91,Rice
128,86,146,30.02,77.5,7.12,106.87,Wheat
10,92,163,33.59,79.03,6.31,91.55,Barley
41,81,182,27.66,53.96,6.02,133.18,Maize
98,94,68,30.85,43.35,5.07,284.98,Sugarcane
6,93,174,16.77,75.41,6.26,135.76,Rice
89,115,48,21.36,51.59,5.23,297.03,Barley
111,38,107,24.05,32.84,7.8,171.31,Soybean
59,98,160,26.81,79.85,5.44,94.79,Barley
112,17,118,16.14,81.78,4.76,272.79,Cotton
1,58,148,18.5,52.64,6.99,165.09,Rice
128,105,149,21.92,25.3,7.18,227.42,Rice
47,102,175,39.29,47.15,8.42,295.93,Sugarcane
139,16,36,23.28,76.25,7.1,62.54,Rice
36,13,142,27.05,83.12,6.05,74.17,Wheat
8,30,162,19.9,34.24,8.11,230.11,Wheat
98,23,198,30.27,24.69,6.93,120.46,Cotton
47,98,159,22.02,81.41,4.86,96.08,Soybean
130,107,10,20.17,47.26,7.05,59.84,Rice
53,59,137,27.91,57.92,8.59,55.46,Cotton
119,44,77,15.14,87.76,6.28,243.62,Rice
115,97,76,15.19,24.66,5.83,83.61,Soybean
74,2,184,20.48,65.38,5.15,166.93,Barley
112,36,152,15.92,25.19,5.18,201.47,Barley
103,42,1,17.7,46.28,6.45,157.09,Sugarcane
83,39,63,23.47,76.27,7.18,56.78,Barley
111,89,34,35.06,50.34,4.86,245.88,Rice
98,54,6,29.3,89.8,8.73,52.63,Maize
92,86,84,27.82,59.13,7.9,240.47,Maize
127,107,145,22.34,42.48,7.14,273.33,Barley
109,38,66,38.29,35.41,8.23,158.21,Rice
81,14,41,24.93,44.54,4.86,183.89,Barley
53,119,117,17.18,46.08,6.65,169.25,Rice
67,112,124,30.43,24.81,7.34,147.3,Cotton
32,3,166,17.85,45.87,8.23,271.86,Sugarcane
20,92,168,23.63,52.5,8.03,273.48,Cotton
47,85,23,27.69,70.59,5.75,133.95,Maize
127,24,187,36.86,65.97,8.73,203.77,Wheat
135,12,45,27.34,69.61,5.06,281.73,Cotton
134,81,18,32.56,20.59,8.44,290.51,Barley
127,32,67,39.82,35.24,8.87,177.24,Barley
32,15,101,18.29,66.32,5.3,163.21,Rice
114,108,41,21.87,53.88,7.75,119.67,Barley
118,41,31,24.86,20.37,4.68,289.72,Rice
21,107,166,25.55,76.31,6.32,85.7,Rice
37,65,108,25.28,74.1,6.82,194.96,Barley
108,54,35,37.69,58.39,7.11,120.64,Cotton
50,98,96,32.85,24.65,8.71,119.75,Sugarcane
7,41,163,30.2,73.66,7.53,151.24,Maize
26,33,130,22.73,60.86,6.67,299.7,Wheat
26,29,72,35.59,74.74,8.14,63.74,Rice
20,118,135,38.88,72.62,8.78,194.64,Sugarcane
29,12,96,35.53,76.21,4.6,70.64,Soybean
96,12,122,15.04,56.26,8.92,88.63,Barley
27,17,69,30.91,29.82,4.89,159.89,Barley
110,31,168,16.28,66.98,8.16,177.62,Soybean
60,95,195,21.44,63.43,5.76,114.7,Cotton
47,98,12,16.49,71.96,5.09,129.11,Rice
3,38,48,30.09,31.89,6.48,71.74,Soybean
34,45,59,32.16,33.65,7.4,125.8,Wheat
48,115,129,17.86,82.33,6.21,291.64,Maize
16,28,187,24.6,72.5,4.75,286.18,Barley
45,61,4,26.41,83.58,7.2,133.72,Rice
116,112,171,24.23,73.11,8.56,192.71,Barley
5,92,26,18.03,61.8,6.22,277.4,Maize
98,61,159,25.47,65.79,5.47,51.55,Cotton
123,116,148,33.78,82.24,6.49,252.67,Sugarcane
36,107,7,16.78,60.52,4.72,287.09,Rice
23,56,199,17.0,64.27,8.19,72.83,Rice
92,15,49,23.87,30.95,8.22,90.36,Cotton
45,55,66,38.54,53.17,7.15,290.19,Maize
94,107,43,31.71,70.15,6.09,184.39,Barley
98,110,124,31.97,38.97,8.1,53.55,Rice
115,9,57,24.05,34.16,7.0,114.41,Barley
66,29,2,29.84,41.97,8.22,162.49,Barley
127,24,85,15.25,36.91,7.34,223.23,Sugarcane
17,102,69,30.9,35.04,8.03,233.29,Wheat
24,83,129,37.83,49.74,7.19,298.86,Barley
53,4,171,30.31,83.55,6.36,121.88,Wheat
57,64,1,36.84,55.49,8.81,184.56,Sugarcane
66,93,101,33.1,33.15,6.94,183.33,Soybean
103,48,34,18.01,25.39,7.22,151.41,Maize
23,2,97,37.56,68.73,5.49,92.29,Barley
113,44,29,16.66,46.8,7.32,294.36,Barley
31,13,115,28.35,77.53,7.07,263.33,Sugarcane
85,119,7,18.55,66.17,5.33,174.58,Sugarcane
126,29,149,15.29,75.74,4.77,200.81,Cotton
129,113,43,25.55,39.04,7.22,106.82,Rice
16,67,185,22.38,68.47,7.94,185.95,Soybean
103,17,35,27.15,38.48,6.86,223.74,Barley
136,61,196,29.43,85.73,5.52,178.79,Sugarcane
42,36,76,16.09,64.55,7.5,297.57,Sugarcane
38,24,30,18.08,42.72,4.86,202.84,Barley
25,47,46,28.97,38.87,6.49,142.74,Cotton
98,64,54,23.58,33.36,5.24,243.04,Maize
49,52,105,33.23,68.62,5.33,92.62,Rice
12,109,189,31.31,35.31,5.41,146.13,Soybean
59,78,157,36.14,61.67,6.24,136.74,Sugarcane
134,72,120,32.31,38.52,4.73,157.95,Cotton
56,14,54,25.75,66.34,6.29,245.44,Cotton
35,48,143,31.82,77.05,6.8,171.04,Soybean
19,87,11,21.88,74.46,6.67,248.5,Maize
64,67,144,22.66,73.26,6.22,194.12,Rice
7,11,143,34.72,33.14,8.28,135.52,Cotton
114,58,139,26.16,26.19,5.15,252.49,Barley
91,36,135,34.96,68.93,6.78,109.57,Maize
97,60,2,35.56,45.78,4.78,106.1,Wheat
65,100,143,36.44,50.26,4.82,176.13,Rice
31,42,29,37.92,22.18,7.08,115.21,Sugarcane
85,69,22,25.77,38.17,7.05,52.27,Cotton
50,38,91,22.97,22.36,8.45,212.07,Rice
62,55,114,29.55,81.54,7.01,177.77,Wheat
124,62,103,24.28,37.04,8.82,161.38,Rice
57,45,117,30.03,59.01,4.72,291.74,Cotton
57,87,4,32.64,22.73,4.94,192.8,Rice
85,10,103,32.21,66.68,4.7,265.86,Sugarcane
48,61,107,24.36,42.61,5.33,84.86,Rice
69,76,64,19.17,82.85,6.94,192.3,Cotton
14,97,120,25.76,82.17,7.41,266.99,Soybean
53,24,29,18.56,42.77,4.71,195.78,Barley
100,70,148,37.25,83.07,8.76,229.5,Maize
7,51,83,23.65,89.73,8.29,143.01,Soybean
52,3,197,18.86,77.78,5.83,73.11,Cotton
59,58,149,15.64,79.14,4.85,164.48,Cotton
107,71,199,31.15,37.43,5.26,148.62,Soybean
4,19,31,30.92,60.37,5.07,266.77,Rice
102,92,160,23.52,24.71,5.05,111.0,Rice
5,62,15,16.79,26.64,6.83,291.68,Wheat
108,53,37,25.24,89.92,5.61,289.53,Maize
115,116,141,22.78,42.86,6.11,111.91,Barley
93,114,35,31.93,72.37,8.95,137.01,Sugarcane
46,108,150,30.14,76.47,7.58,273.89,Barley
98,109,113,24.11,80.06,8.77,291.66,Soybean
54,73,65,20.45,89.83,5.14,160.86,Soybean
51,106,104,39.7,36.9,6.22,130.25,Barley
12,97,84,26.35,22.82,7.0,181.52,Maize
113,56,1,32.21,48.78,4.85,221.94,Rice
123,89,192,18.51,29.11,4.52,118.37,Rice
105,40,74,27.14,21.57,7.52,234.12,Wheat
119,112,66,15.69,45.23,7.39,62.91,Soybean
62,2,179,27.64,74.86,6.35,62.32,Sugarcane
18,119,189,39.1,59.63,6.7,146.57,Maize
91,5,150,24.61,41.89,6.37,138.37,Wheat
57,4,153,15.97,65.8,4.61,128.91,Cotton
89,4,195,15.77,36.24,6.01,172.75,Barley
116,53,54,24.7,21.01,5.3,130.18,Soybean
61,46,5,19.0,73.5,4.94,98.06,Soybean
22,86,162,15.58,63.66,8.81,127.37,Maize
126,48,149,33.91,73.36,7.2,293.73,Soybean
136,8,170,26.46,22.73,7.78,152.78,Cotton
139,98,142,22.23,78.6,5.92,161.18,Rice
128,19,85,37.5,63.37,6.27,194.14,Soybean
57,112,59,17.9,59.44,5.57,295.84,Maize
121,60,100,38.9,63.72,4.94,110.4,Rice
0,105,11,22.85,80.51,5.31,220.32,Sugarcane
33,34,48,37.21,61.09,8.09,229.0,Cotton
95,49,41,30.07,60.67,7.55,201.83,Barley
125,81,165,35.67,89.35,6.96,72.14,Rice
117,61,81,39.6,72.97,6.64,219.22,Rice
47,16,172,22.21,50.96,8.65,66.02,Barley
88,87,34,39.03,69.52,4.83,199.04,Wheat
116,2,157,24.74,47.25,5.76,234.9,Cotton
128,31,157,24.64,36.02,6.07,102.74,Sugarcane
15,98,133,23.51,61.78,8.02,260.41,Sugarcane
68,101,66,28.54,84.97,8.97,57.59,Wheat
21,12,79,18.85,85.04,5.58,260.95,Cotton
92,119,6,28.84,43.93,8.43,165.08,Maize
75,110,179,28.54,56.94,8.24,104.4,Cotton
85,88,13,34.05,34.81,5.51,83.44,Cotton
28,72,72,35.84,89.69,6.3,288.33,Rice
68,67,142,26.01,88.68,6.34,68.17,Cotton
46,13,148,22.56,65.47,8.9,99.77,Sugarcane
93,100,162,21.48,76.31,5.31,136.96,Soybean
84,97,65,19.87,70.06,8.1,205.06,Rice
38,10,90,16.44,61.52,6.0,186.2,Wheat
99,104,129,23.56,23.73,7.79,81.41,Soybean
32,55,162,21.76,51.83,6.39,122.43,Cotton
100,66,19,39.16,67.24,7.1,109.69,Sugarcane
22,91,9,28.94,67.43,8.25,103.39,Wheat
9,28,24,23.68,46.12,8.12,152.79,Barley
68,8,193,29.51,85.92,8.4,226.01,Wheat
99,66,24,18.48,31.71,4.77,104.36,Sugarcane
33,24,53,26.1,55.03,7.61,141.67,Maize
137,97,32,30.66,68.36,5.13,147.73,Barley
95,75,163,27.22,68.8,6.37,294.11,Soybean
0,41,94,25.04,65.4,6.97,288.67,Soybean
68,8,13,39.85,39.27,6.31,250.03,Rice
3,78,64,37.01,30.93,6.84,110.41,Cotton
15,39,109,30.59,64.52,8.98,67.01,Sugarcane
23,24,79,29.23,61.95,5.11,129.23,Sugarcane
79,4,53,30.52,32.55,7.54,116.7,Cotton
1,10,124,20.03,69.36,6.28,176.48,Rice
127,58,179,24.88,51.86,5.1,244.43,Sugarcane
83,97,130,15.99,66.74,5.21,264.58,Wheat
139,87,168,26.89,78.62,8.77,261.22,Maize
123,78,133,28.58,31.88,8.46,139.92,Sugarcane
32,37,24,20.69,21.34,8.58,221.81,Rice
100,71,140,39.1,74.54,8.96,128.21,Soybean
11,4,116,37.74,62.68,5.44,65.23,Cotton
66,47,135,33.05,68.97,6.1,225.39,Sugarcane
64,89,148,28.33,78.67,7.51,52.46,Maize
73,17,195,36.75,76.2,6.68,152.3,Soybean
42,69,24,18.27,87.26,6.38,132.34,Rice
43,36,78,34.76,57.52,6.11,223.34,Sugarcane
28,59,67,18.12,54.19,7.17,241.56,Soybean
11,47,172,34.86,48.13,7.09,126.02,Wheat
94,76,187,21.89,30.76,5.23,252.91,Wheat
45,27,11,36.93,60.08,6.62,123.48,Rice
129,68,31,38.6,39.39,6.99,161.58,Soybean
34,76,127,18.72,84.49,7.07,231.75,Wheat
80,80,95,26.57,60.82,5.45,223.23,Wheat
89,113,91,39.52,61.5,7.84,296.84,Wheat
7,39,140,27.09,44.84,4.61,106.29,Barley
92,44,30,36.59,23.64,6.1,215.58,Soybean
89,95,77,29.72,22.22,8.01,202.42,Sugarcane
114,61,19,24.38,49.63,7.04,278.77,Rice
104,92,145,22.14,25.92,5.68,89.09,Maize
134,114,59,20.08,62.48,7.63,237.95,Barley
57,57,190,34.04,81.67,7.05,192.07,Wheat
113,66,133,24.66,81.8,8.08,118.67,Soybean
74,55,159,27.78,66.13,7.81,168.61,Cotton
119,39,92,27.31,34.79,7.25,133.44,Sugarcane
20,97,42,29.43,80.41,6.7,194.83,Sugarcane
137,39,129,36.64,82.03,5.1,272.25,Wheat
100,90,59,39.52,33.77,5.68,192.33,Wheat
98,76,150,25.19,71.62,6.39,207.93,Maize
35,108,30,35.69,40.06,7.2,179.69,Sugarcane
95,32,4,34.11,76.18,6.81,62.79,Wheat
36,5,161,29.34,89.81,5.8,108.21,Soybean
11,87,9,38.9,22.1,4.53,173.0,Soybean
112,18,88,20.01,82.82,6.73,127.56,Rice
12,79,129,17.73,63.58,5.79,95.44,Barley
22,39,125,36.35,88.14,7.81,176.03,Sugarcane
98,91,10,25.98,52.55,4.61,130.7,Soybean
104,96,177,36.17,79.32,7.13,114.53,Wheat
29,58,158,37.33,24.37,8.74,166.0,Barley
16,58,55,16.56,43.47,5.28,83.32,Maize
112,47,82,37.09,24.69,6.62,281.94,Cotton
61,40,136,26.21,88.27,4.91,266.93,Sugarcane
83,12,98,27.76,77.19,7.32,226.91,Maize
111,106,148,30.66,79.68,6.98,76.55,Rice
85,44,72,38.16,85.66,6.33,243.97,Maize
18,88,155,15.48,25.96,6.85,251.99,Wheat
99,52,189,26.92,46.99,8.53,241.94,Barley
139,41,114,32.19,24.97,5.38,78.49,Sugarcane
75,99,6,33.07,34.76,4.6,210.98,Maize
8,62,79,32.31,36.06,8.38,258.58,Barley
27,26,143,18.36,52.84,7.1,194.34,Cotton
127,37,96,22.48,38.8,8.51,211.6,Soybean
51,59,3,23.97,27.07,7.19,164.59,Wheat
82,6,3,35.11,31.72,8.15,182.18,Rice
110,4,102,21.97,30.31,6.43,58.59,Sugarcane
116,106,39,20.27,88.12,7.87,209.74,Cotton
68,44,16,38.94,73.15,8.61,70.36,Soybean
98,57,100,15.22,87.74,7.07,158.75,Barley
139,114,102,39.95,50.78,5.31,123.16,Cotton
24,30,123,31.92,39.49,5.71,186.36,Rice
122,22,51,35.71,75.88,5.39,83.35,Wheat
52,41,51,22.37,42.84,5.61,222.91,Rice
56,9,163,15.36,40.96,5.88,248.75,Sugarcane
38,31,123,33.45,36.28,7.0,90.84,Cotton
108,106,165,35.85,29.08,7.15,76.08,Barley
41,52,177,33.51,37.95,6.42,86.38,Barley
121,29,62,18.57,44.87,7.27,269.28,Sugarcane
132,38,115,33.84,67.18,4.87,182.05,Soybean
74,30,190,34.22,24.38,4.9,166.82,Wheat
75,81,61,31.46,34.74,5.27,76.68,Sugarcane
8,99,6,34.15,76.63,6.83,212.39,Rice
73,1,154,36.15,30.28,5.46,267.0,Wheat
6,77,91,30.34,43.99,5.77,257.05,Rice
136,76,13,17.22,80.53,6.3,206.51,Wheat
26,92,198,27.19,30.84,8.15,68.82,Rice
121,11,85,16.94,25.79,4.56,78.1,Cotton
4,38,132,25.19,53.92,7.42,62.33,Sugarcane
28,65,182,25.18,41.17,7.51,114.37,Soybean
82,95,129,16.65,59.44,8.09,83.92,Barley
135,12,61,23.72,76.27,8.7,115.01,Wheat
108,45,148,17.77,29.6,4.59,146.26,Maize
64,26,78,35.21,60.65,5.19,285.75,Barley
85,112,148,38.69,55.39,8.49,202.59,Rice
70,104,137,16.81,30.09,6.56,258.74,Rice
44,16,57,38.88,63.68,7.04,227.59,Barley
131,103,119,28.06,39.15,7.48,78.13,Wheat
35,94,166,22.49,54.15,7.56,233.98,Barley
69,97,132,16.92,25.76,8.69,118.77,Maize
18,59,64,27.52,52.17,8.99,209.78,Soybean
107,63,12,34.86,41.45,7.74,135.24,Maize
90,87,180,32.68,77.57,5.79,299.42,Barley
89,108,81,16.26,23.99,8.46,115.89,Cotton
18,34,172,16.82,49.3,4.72,119.78,Wheat
38,111,159,25.07,52.09,5.54,282.67,Cotton
125,69,163,22.38,70.75,8.54,56.16,Soybean
125,82,187,20.81,60.2,5.65,224.17,Sugarcane
57,29,138,22.03,66.7,5.49,231.33,Sugarcane
60,70,190,35.09,74.39,5.12,259.09,Rice
126,73,148,38.23,80.35,8.37,293.61,Barley
104,104,51,25.13,41.97,6.75,293.9,Wheat
0,95,182,37.65,57.66,7.54,66.32,Sugarcane
130,97,116,23.04,78.81,5.58,255.46,Soybean
91,62,25,26.91,89.26,7.91,211.58,Maize
112,27,195,20.65,82.27,7.92,211.84,Soybean
55,59,33,31.01,46.0,5.91,82.09,Wheat
116,78,51,39.47,33.66,6.35,212.55,Cotton
133,93,111,30.09,54.26,5.44,295.62,Rice
57,36,81,23.95,71.91,8.89,277.95,Barley
43,92,179,31.2,54.48,7.41,159.78,Soybean
60,21,156,18.07,53.82,8.71,59.99,Maize
46,67,165,37.22,78.68,5.87,140.57,Soybean
79,19,41,27.58,45.3,8.02,256.6,Sugarcane
117,95,20,26.23,80.19,7.95,225.37,Barley
19,99,41,29.65,48.48,7.61,164.84,Cotton
46,113,140,30.62,42.98,8.85,63.78,Barley
48,67,112,16.79,51.78,6.27,156.72,Rice
13,90,104,32.07,73.37,5.09,167.26,Wheat
0,63,191,21.05,28.82,7.52,282.14,Wheat
116,16,16,32.85,33.75,7.78,210.27,Cotton
53,11,119,35.56,86.6,7.09,127.91,Cotton
117,21,136,35.1,32.28,5.43,181.33,Cotton
2,16,168,28.81,59.74,6.77,66.51,Barley
11,9,128,28.0,60.55,5.9,293.14,Cotton
73,117,129,18.57,54.27,6.42,140.01,Barley
15,64,59,34.38,65.13,7.4,169.47,Soybean
101,21,47,21.79,36.09,7.85,138.82,Cotton
116,89,28,27.42,58.69,5.55,220.63,Cotton
7,119,96,22.11,46.05,6.32,215.56,Maize
121,81,9,18.35,66.32,5.71,228.83,Wheat
91,49,57,30.74,29.89,5.39,117.04,Rice
89,13,187,16.36,59.96,8.03,128.92,Wheat
135,63,20,33.72,32.97,8.59,81.31,Barley
59,46,27,22.94,39.51,6.17,213.88,Rice
27,28,33,15.0,35.31,7.88,59.95,Maize
100,75,7,27.78,32.8,8.54,199.42,Soybean
40,35,186,16.17,77.8,8.31,267.42,Cotton
45,98,199,21.9,40.0,5.32,272.71,Sugarcane
34,51,176,32.67,84.9,8.8,162.26,Soybean
133,75,78,16.57,87.89,6.2,164.83,Soybean
81,6,144,35.98,59.99,6.03,69.24,Cotton
114,28,187,15.1,30.01,4.78,217.69,Rice
46,10,86,21.17,46.22,6.69,255.31,Soybean
9,32,87,33.52,75.84,4.99,111.16,Rice
55,5,172,22.91,45.72,5.62,155.33,Rice
29,110,68,17.55,26.09,5.93,259.71,Maize
108,78,159,24.01,58.97,8.14,269.28,Maize
4,31,171,21.76,79.16,8.44,110.79,Rice
118,50,192,36.07,75.71,5.86,187.64,Rice
32,74,86,22.83,32.26,8.36,98.12,Soybean
117,57,100,34.72,67.09,8.36,75.47,Maize
64,86,7,37.3,35.44,7.94,277.78,Maize
10,25,76,25.85,35.27,5.16,255.13,Cotton
84,97,199,37.75,81.19,7.61,240.01,Sugarcane
25,45,86,24.43,37.48,8.75,62.19,Wheat
62,97,42,39.1,38.43,7.57,260.93,Maize
85,28,128,17.23,20.05,5.99,159.51,Wheat
58,3,108,32.18,80.95,6.75,135.6,Sugarcane
26,80,178,27.35,75.48,7.41,186.62,Cotton
97,98,151,24.69,63.91,6.8,72.84,Wheat
104,12,151,30.82,72.52,5.04,239.16,Barley
98,104,16,32.6,30.64,5.9,195.61,Rice
128,38,132,15.11,52.08,8.11,96.65,Rice
54,14,147,19.17,44.59,8.38,97.06,Barley
5,118,20,32.83,26.56,5.12,96.06,Sugarcane
94,28,57,31.66,54.03,8.79,64.25,Maize
132,28,158,39.15,84.45,5.98,196.95,Wheat
101,74,109,34.03,22.8,7.48,260.09,Cotton
2,115,138,38.77,40.4,7.88,54.37,Wheat
22,31,179,32.56,34.53,8.15,62.25,Rice
52,1,142,22.45,36.67,8.76,193.19,Barley
82,46,134,17.63,83.59,5.91,254.87,Rice
84,77,27,34.55,52.76,8.36,131.68,Wheat
77,83,50,31.1,52.64,5.09,137.4,Barley
109,21,185,16.2,73.24,7.67,199.09,Sugarcane
0,74,4,24.0,30.81,7.84,118.55,Sugarcane
50,26,4,38.92,54.11,7.55,56.65,Barley
3,66,93,27.51,50.1,5.64,233.81,Rice
112,80,95,25.82,61.78,8.43,206.41,Rice
31,107,7,26.44,89.97,5.26,195.19,Barley
33,55,63,20.22,73.86,4.74,235.42,Sugarcane
91,91,137,24.22,47.85,7.73,218.81,Rice
94,92,37,24.25,77.93,6.64,101.47,Soybean
71,20,110,16.31,31.95,8.32,138.12,Wheat
38,46,111,34.19,22.13,6.23,81.53,Rice
117,79,80,25.41,34.31,5.26,82.46,Barley
2,100,135,35.55,43.83,8.26,219.05,Soybean
122,58,103,36.26,55.74,6.97,264.65,Soybean
49,83,152,20.3,63.06,5.35,290.68,Barley
11,5,72,31.43,83.74,7.74,207.09,Sugarcane
53,18,193,26.81,55.69,6.8,96.03,Cotton
132,56,177,37.0,55.09,7.22,76.41,Sugarcane
56,68,194,20.39,23.52,6.57,253.21,Maize
111,2,48,31.95,22.44,8.23,194.69,Barley
46,0,35,30.19,58.58,8.23,204.57,Rice
84,57,125,22.38,50.67,7.69,245.37,Maize
65,37,67,18.42,78.74,4.97,225.82,Soybean
74,14,77,31.29,31.25,8.27,258.61,Sugarcane
102,33,104,33.46,21.75,7.52,64.05,Sugarcane
37,60,168,22.89,51.43,7.64,236.88,Soybean
49,34,121,31.12,36.62,6.13,262.71,Wheat
97,63,118,24.88,23.47,8.46,121.53,Cotton
81,112,189,32.83,70.72,7.76,210.11,Cotton
29,24,113,19.98,27.81,5.01,128.54,Cotton
78,23,9,37.26,62.58,6.34,289.49,Maize
90,11,148,22.19,39.67,8.49,58.36,Cotton
51,17,163,24.19,32.14,4.71,194.95,Soybean
78,14,139,16.45,46.58,8.83,91.63,Barley
29,107,90,17.79,76.1,7.56,228.06,Wheat
105,79,1,27.9,47.45,7.34,93.97,Barley
50,26,117,21.69,72.55,5.72,108.85,Cotton
80,71,12,35.89,28.78,5.62,173.59,Rice
132,59,180,15.37,74.09,8.74,278.71,Rice
28,45,159,24.48,36.59,5.84,102.93,Cotton
131,88,94,23.43,67.42,7.99,86.06,Soybean
137,16,143,15.48,59.6,6.27,239.74,Soybean
73,92,31,18.11,85.04,5.13,175.15,Wheat
16,52,31,25.34,47.11,4.55,277.95,Soybean
83,7,123,27.32,24.63,6.95,86.65,Maize
68,78,10,25.11,21.34,8.89,211.48,Barley
33,26,9,28.27,77.88,6.16,108.22,Sugarcane
5,45,14,29.88,56.73,6.11,89.19,Barley
52,49,16,15.25,74.27,6.05,220.86,Soybean
125,115,167,26.6,36.41,6.84,198.42,Rice
42,70,145,39.09,44.16,6.48,238.71,Sugarcane
114,2,182,27.98,22.11,8.46,127.37,Soybean
110,92,152,31.94,87.3,6.77,161.99,Barley
79,63,58,22.8,66.75,6.78,151.37,Maize
94,43,77,34.35,85.32,5.12,296.02,Maize
117,52,123,34.32,38.58,8.92,123.06,Wheat
7,23,113,28.03,62.8,5.62,123.7,Rice
131,59,21,39.4,67.49,4.83,138.64,Barley
103,2,157,18.14,42.23,7.48,191.15,Sugarcane
131,19,171,15.42,79.37,7.18,113.08,Wheat
24,45,31,34.25,86.3,6.37,278.82,Cotton
95,14,178,35.18,81.94,6.4,116.42,Wheat
92,24,173,18.01,71.73,8.03,273.95,Cotton
60,93,112,21.64,39.42,5.38,75.87,Maize
121,77,119,15.44,39.71,8.19,214.14,Barley
50,70,148,22.33,87.44,7.42,276.75,Barley
20,16,121,34.33,20.72,6.39,92.19,Soybean
4,107,31,27.95,70.12,6.56,292.08,Wheat
91,83,118,23.7,69.44,5.65,163.22,Soybean
60,99,38,24.29,63.59,7.88,286.43,Soybean
21,8,11,15.03,89.31,6.81,219.21,Sugarcane
69,37,174,22.5,41.83,5.94,125.4,Rice
0,47,17,31.16,43.8,7.18,97.08,Wheat
132,59,148,39.35,25.53,8.98,125.93,Rice
11,62,140,36.18,51.0,6.46,73.25,Cotton
89,85,148,15.59,38.27,8.64,85.97,Rice
45,117,125,37.46,44.04,6.05,76.17,Wheat
33,116,135,34.58,78.42,4.75,155.74,Soybean
77,116,45,34.51,85.48,5.42,248.89,Soybean
44,1,103,26.45,33.0,6.38,85.35,Barley
72,87,134,24.95,46.08,5.49,82.58,Barley
25,71,150,22.57,85.0,4.5,210.86,Rice
46,10,85,16.64,24.33,8.62,99.3,Wheat
120,63,149,20.71,26.47,8.3,74.4,Rice
55,76,88,21.17,31.4,7.84,91.71,Maize
93,80,21,27.1,61.66,5.26,280.93,Soybean
106,71,91,33.69,30.53,5.04,255.37,Soybean
62,20,28,26.85,87.77,4.8,138.52,Cotton
47,17,12,16.45,51.27,7.76,213.96,Rice
60,93,1,38.94,55.11,8.68,184.32,Wheat
80,63,28,38.57,37.27,6.44,219.28,Cotton
25,81,179,34.63,52.97,5.04,220.67,Maize
35,109,26,39.78,66.33,6.81,207.18,Maize
0,110,49,28.61,72.58,6.07,116.53,Sugarcane
7,94,94,39.07,72.77,6.19,59.75,Barley
112,37,150,16.89,60.45,7.3,163.89,Barley
98,31,87,24.14,83.31,7.73,272.74,Soybean
46,10,43,20.63,77.22,5.0,192.37,Rice
126,44,21,19.9,72.99,4.66,258.1,Rice
55,88,170,18.52,23.89,8.97,297.91,Maize
13,32,164,30.56,20.48,5.55,90.9,Soybean
27,101,188,34.53,34.87,4.74,222.94,Cotton
77,40,96,29.46,66.45,5.35,218.57,Maize
129,7,183,18.67,48.78,4.68,294.99,Sugarcane
108,10,2,35.28,48.17,6.26,296.4,Soybean
13,85,190,30.9,81.92,8.11,221.67,Cotton
55,50,117,24.7,82.69,6.04,110.9,Wheat
114,87,18,31.85,83.64,6.5,249.64,Wheat
6,40,22,21.5,41.97,7.54,76.76,Maize
2,16,156,23.63,68.37,6.79,245.17,Cotton
110,75,29,37.94,39.01,8.38,277.55,Soybean
106,45,38,22.26,33.34,8.4,145.71,Soybean
17,31,107,26.75,32.92,4.54,207.66,Maize
37,78,110,37.25,43.95,8.0,157.54,Wheat
114,79,24,32.69,50.1,6.57,159.44,Wheat
14,53,127,16.56,78.17,8.95,127.59,Barley
118,85,110,18.68,28.39,6.67,240.53,Soybean
27,91,135,15.2,71.44,8.94,284.04,Rice
38,19,105,30.77,57.2,7.9,285.19,Maize
16,32,185,26.19,40.16,5.62,93.7,Sugarcane
85,73,143,18.36,54.5,6.92,268.69,Cotton
125,39,71,38.95,41.0,8.96,234.36,Sugarcane
43,31,128,28.24,61.73,8.36,113.21,Sugarcane
24,113,107,21.05,50.37,4.94,66.82,Cotton
12,96,4,27.52,31.51,7.68,117.0,Cotton
24,1,2,31.99,28.16,6.06,278.05,Barley
67,96,192,16.91,58.27,4.53,208.29,Rice
137,32,131,21.87,83.17,6.32,230.26,Cotton
66,104,103,35.17,44.08,5.56,114.29,Rice
108,76,63,26.49,71.31,8.18,229.85,Maize
110,29,105,28.66,66.11,6.02,57.03,Sugarcane
110,32,97,25.82,85.21,8.22,143.83,Cotton
33,76,9,16.1,77.47,4.5,206.69,Soybean
110,115,148,19.14,59.66,5.89,86.52,Cotton
7,25,127,26.14,65.99,5.59,255.75,Rice
112,21,45,20.23,82.89,5.55,108.76,Maize
82,102,154,16.25,47.97,4.81,213.07,Rice
41,65,65,36.09,42.88,5.34,151.3,Maize
100,37,168,39.53,20.76,7.0,199.01,Cotton
5,102,111,34.83,77.86,5.81,76.86,Rice
25,89,12,36.34,76.07,6.38,54.23,Rice
63,45,136,21.05,27.31,6.2,277.39,Maize
58,113,163,39.02,60.38,8.44,117.41,Wheat
108,14,85,19.92,52.48,8.57,254.92,Maize
120,97,89,38.79,28.31,6.72,299.84,Maize
32,105,57,39.87,88.64,5.99,102.86,Soybean
20,118,53,32.79,35.03,4.98,116.29,Cotton
69,43,11,39.53,24.71,8.79,215.71,Cotton
111,48,13,29.24,61.64,4.77,291.36,Wheat
3,103,120,21.49,71.72,5.84,278.95,Sugarcane
93,74,161,25.92,22.27,5.84,175.72,Maize
74,60,180,29.84,66.11,5.94,248.78,Soybean
61,66,120,16.83,57.26,5.24,83.94,Soybean
93,5,19,30.56,27.23,8.02,294.36,Soybean
94,8,74,39.53,32.08,5.05,291.09,Maize
54,5,143,19.75,59.76,7.36,90.93,Rice
136,72,69,34.81,40.75,5.06,124.86,Wheat
130,102,55,37.7,85.68,4.82,75.04,Maize
30,94,100,38.59,77.31,8.59,117.93,Rice
39,31,185,39.0,88.85,5.36,253.99,Sugarcane
35,40,131,28.04,38.18,8.2,144.58,Cotton
5,113,110,39.43,87.88,6.95,72.1,Barley
65,75,124,33.93,50.19,4.85,135.56,Sugarcane
74,7,131,19.04,44.33,8.8,295.35,Soybean
3,71,19,26.92,23.52,5.61,207.42,Wheat
78,49,137,32.96,23.69,8.37,154.04,Wheat
133,91,23,21.18,68.44,5.26,91.63,Soybean
117,61,153,31.02,52.06,8.34,296.54,Barley
112,83,36,31.67,35.86,4.56,255.21,Wheat
93,61,53,19.07,62.98,6.8,120.37,Rice
61,110,102,29.13,37.7,7.96,67.52,Cotton
78,6,148,34.29,60.43,8.71,64.16,Cotton
135,74,37,27.47,45.14,8.59,80.09,Barley
25,83,173,15.3,77.65,8.19,195.19,Sugarcane
43,79,3,15.23,77.45,8.5,282.19,Maize
132,3,187,23.93,53.41,5.4,174.19,Soybean
69,5,56,38.15,44.56,5.78,260.74,Soybean
117,57,172,20.72,45.38,5.8,161.47,Maize
67,21,19,30.86,76.4,6.2,227.15,Cotton
18,25,16,20.55,42.97,6.27,232.97,Barley
19,2,118,23.04,34.63,6.95,93.49,Rice
112,40,70,36.2,25.93,5.22,140.3,Rice
139,59,3,33.22,52.67,7.61,209.33,Maize
46,105,13,17.38,53.75,5.25,67.67,Cotton
0,13,2,25.72,78.86,5.9,140.39,Sugarcane
89,74,79,15.73,35.49,6.77,183.7,Maize
63,81,185,27.02,46.67,8.08,299.06,Soybean
37,117,54,31.56,76.59,7.83,168.63,Wheat
36,11,131,17.96,77.65,7.4,254.01,Wheat
125,86,119,22.22,46.92,5.2,158.02,Rice
138,11,23,24.95,52.14,6.96,249.1,Rice
99,12,161,37.99,41.23,4.89,198.85,Soybean
76,24,157,39.83,85.28,6.2,271.65,Barley
2,44,81,16.12,28.31,6.36,152.74,Sugarcane
133,114,146,34.03,85.36,4.68,201.08,Barley
9,18,158,24.29,67.87,5.73,207.5,Soybean
4,54,187,24.81,57.21,8.8,154.35,Barley
137,109,59,33.86,22.29,8.79,86.08,Maize
129,99,146,37.96,53.29,6.09,73.39,Sugarcane
12,44,48,38.77,48.54,4.69,54.17,Sugarcane
129,7,62,29.43,31.29,5.31,268.38,Sugarcane
83,92,109,23.93,65.95,6.26,109.12,Wheat
64,118,149,34.69,87.98,8.77,102.88,Barley
62,52,151,21.28,59.35,5.14,234.01,Cotton
100,54,108,29.1,70.03,7.94,130.0,Wheat
72,31,75,23.96,24.79,4.99,176.51,Barley
16,50,29,31.42,49.24,8.92,90.63,Maize
8,43,57,21.01,28.15,6.22,289.94,Rice
37,81,116,19.79,62.9,7.99,262.9,Cotton
93,69,158,37.96,85.69,6.04,265.95,Maize
94,17,99,17.55,66.32,7.32,151.69,Maize
48,82,191,27.65,25.38,5.36,240.59,Soybean
68,21,18,20.52,44.83,5.16,85.97,Sugarcane
61,36,175,15.97,58.55,8.72,52.15,Barley
77,95,172,15.9,48.22,8.63,54.99,Barley
116,55,93,19.38,78.36,8.49,196.65,Sugarcane
119,104,182,36.67,77.03,7.31,163.85,Rice
136,58,112,22.06,62.83,8.14,179.5,Wheat
75,2,182,38.76,46.14,4.81,51.87,Rice
34,27,145,29.54,37.87,6.01,155.67,Barley
0,73,62,25.92,27.41,5.91,229.52,Soybean
39,114,115,29.5,44.84,7.36,160.67,Sugarcane
63,34,112,27.92,48.92,6.1,233.05,Rice
59,60,46,33.97,67.31,5.17,108.25,Wheat
63,92,56,22.06,66.07,7.18,253.29,Wheat
92,53,117,23.83,24.91,8.16,197.11,Sugarcane
71,62,44,37.35,47.67,6.22,102.69,Maize
10,78,160,38.66,32.72,5.1,109.18,Maize
104,96,144,37.31,30.98,5.39,207.01,Wheat
13,6,197,25.49,77.91,5.57,257.48,Cotton
59,75,3,34.51,22.93,5.85,153.91,Maize
29,48,147,26.91,49.34,7.39,114.58,Cotton
34,93,46,27.44,31.77,7.2,266.75,Sugarcane
4,84,142,20.12,81.55,7.63,217.32,Sugarcane
82,30,197,29.78,58.99,6.13,162.02,Soybean
122,57,46,19.65,36.2,8.21,171.98,Soybean
77,60,77,23.29,55.17,5.42,101.06,Wheat
61,23,123,36.38,71.2,6.61,206.7,Barley
131,19,74,20.18,87.07,8.1,139.69,Rice
88,36,102,16.78,35.43,5.31,298.91,Soybean
41,3,136,16.73,82.03,4.99,170.05,Cotton
88,91,89,38.52,85.4,8.48,171.47,Maize
39,107,143,27.67,84.15,6.04,191.46,Maize
71,19,68,25.24,64.48,7.58,279.19,Barley
38,59,60,35.27,64.09,4.61,250.2,Sugarcane
103,23,137,35.9,48.22,7.61,162.78,Maize
13,49,49,23.3,72.67,5.92,229.67,Barley
31,48,2,32.34,57.19,4.75,196.56,Wheat
124,50,106,34.28,67.42,7.24,173.09,Maize
96,95,112,31.37,49.99,5.58,98.08,Maize
22,104,93,18.79,71.2,6.24,165.98,Rice
62,35,117,36.9,77.71,4.86,111.45,Rice
52,116,197,28.48,30.25,5.16,278.71,Wheat
103,97,80,22.06,78.31,5.84,133.85,Sugarcane
103,99,108,25.63,57.82,4.9,288.07,Maize
38,65,50,15.94,79.13,8.6,183.26,Cotton
133,78,146,18.2,50.19,4.53,207.89,Sugarcane
66,33,169,34.14,46.53,6.68,185.74,Barley
134,35,34,15.0,84.05,5.05,82.35,Wheat
41,5,45,25.41,37.58,5.88,143.96,Wheat
14,38,153,28.06,79.09,8.67,74.79,Sugarcane
110,41,68,16.37,53.88,5.23,205.74,Maize
32,114,92,39.33,55.99,8.85,161.72,Barley
37,114,63,20.65,41.59,5.43,244.5,Wheat
96,57,164,22.6,60.11,7.84,105.12,Sugarcane
32,117,48,22.6,42.76,6.96,91.14,Rice
85,11,148,20.76,22.75,8.48,151.58,Maize
65,2,73,15.04,39.04,6.99,281.65,Sugarcane
9,108,191,33.23,20.45,6.91,227.61,Sugarcane
4,17,4,39.17,88.48,5.38,154.73,Sugarcane
122,39,99,20.61,87.6,5.25,179.32,Barley
73,20,69,31.58,47.66,8.62,71.05,Rice
96,14,89,33.55,70.99,5.98,296.14,Rice
117,96,3,36.21,44.21,6.17,216.6,Soybean
37,98,125,25.57,66.98,7.92,121.35,Rice
46,25,38,22.57,76.38,6.02,196.45,Cotton
108,7,162,23.13,86.27,8.78,77.37,Rice
14,99,128,32.82,48.01,7.82,291.46,Rice
135,111,23,35.42,74.83,7.19,93.7,Soybean
4,93,56,19.54,38.61,8.46,212.01,Soybean
46,86,99,24.27,89.32,4.72,111.36,Sugarcane
67,41,69,37.55,21.8,5.66,229.39,Barley
75,43,40,35.17,62.25,6.59,244.21,Soybean
129,13,181,39.62,66.17,5.52,218.35,Sugarcane
94,77,173,33.86,68.16,7.85,203.62,Barley
114,1,59,24.83,28.43,8.64,273.12,Cotton
35,118,107,29.77,85.7,6.41,69.66,Rice
25,36,187,31.53,32.68,6.04,132.73,Cotton
42,68,56,16.96,63.59,8.83,112.07,Maize
26,37,30,28.61,35.59,6.5,297.0,Sugarcane
68,108,83,32.73,41.51,6.7,147.35,Rice
10,40,151,19.18,58.25,6.08,233.15,Rice
73,61,35,34.52,49.2,8.59,221.18,Maize
103,117,157,29.59,31.22,7.06,103.02,Rice
37,59,151,38.81,31.97,7.93,109.75,Wheat
133,110,107,16.06,49.27,8.15,120.32,Soybean
22,13,105,21.63,73.01,6.04,152.78,Maize
46,119,157,30.04,82.86,6.45,108.58,Barley
89,102,85,22.41,25.89,8.32,54.91,Rice
45,88,134,32.86,47.52,6.13,269.85,Soybean
106,83,162,33.98,27.02,8.07,291.4,Maize
139,1,182,17.56,21.16,8.73,135.39,Sugarcane
103,102,13,27.85,66.32,7.3,134.63,Soybean
110,69,119,27.72,62.17,7.84,51.77,Soybean
103,16,137,24.23,31.41,8.12,220.06,Rice
59,88,79,38.32,36.37,8.3,256.36,Maize
99,27,143,35.69,21.66,6.28,86.65,Rice
67,65,181,32.43,78.45,4.73,89.92,Soybean
132,34,105,32.86,88.23,6.31,247.52,Rice
119,100,69,26.54,29.48,7.53,204.07,Barley
36,4,43,38.02,36.2,6.53,61.22,Maize
71,64,72,32.36,80.79,7.87,205.64,Sugarcane
126,39,44,33.22,84.85,6.11,127.23,Rice
105,75,183,36.54,49.37,7.36,142.18,Cotton
91,55,106,21.85,23.54,5.34,242.43,Rice
30,35,83,35.18,22.76,7.87,252.73,Soybean
121,44,81,19.88,60.18,6.96,150.09,Barley
136,22,106,23.63,47.5,5.42,286.79,Wheat
50,46,184,23.39,22.01,5.81,151.62,Barley
28,30,20,39.46,60.83,7.87,242.96,Rice
39,10,195,36.41,20.79,6.67,170.97,Soybean
40,9,177,32.53,75.12,5.47,274.38,Barley
10,66,160,33.18,41.45,8.85,276.94,Barley
0,117,6,29.05,22.82,7.72,71.85,Wheat
45,13,69,38.68,61.18,8.81,284.12,Wheat
100,79,126,27.41,47.84,6.42,256.38,Rice
89,73,142,24.51,88.17,6.64,247.83,Soybean
109,92,159,19.08,58.09,8.54,100.23,Cotton
56,9,147,34.66,39.27,6.86,251.28,Rice
0,75,142,33.36,69.66,7.68,262.53,Barley
62,93,175,24.61,39.0,5.63,122.29,Rice
54,104,198,15.63,83.3,6.51,288.07,Sugarcane
114,0,148,35.97,46.23,5.06,62.47,Barley
52,4,169,15.29,58.49,5.43,87.48,Soybean
136,19,153,32.59,23.54,4.5,184.4,Wheat
56,7,119,39.26,49.83,4.68,193.95,Soybean
116,42,127,25.94,78.27,8.9,211.29,Wheat
34,75,141,20.87,76.4,5.59,54.24,Maize
62,0,56,32.62,35.7,7.48,290.09,Cotton
24,56,164,35.43,35.83,8.28,61.15,Sugarcane
89,63,57,28.66,77.21,6.98,85.77,Maize
74,117,20,39.18,85.13,5.19,53.5,Wheat
37,83,81,16.29,26.68,7.78,191.71,Soybean
129,27,68,27.62,51.5,7.2,283.07,Wheat
134,106,130,32.96,43.62,7.79,216.49,Cotton
90,36,86,36.57,80.95,7.96,255.66,Cotton
16,46,164,19.48,25.85,8.89,53.32,Maize
127,100,48,35.0,34.78,7.08,185.5,Barley
107,75,146,28.82,72.67,6.04,164.89,Cotton
24,36,114,24.91,23.59,7.42,174.74,Cotton
87,48,88,18.29,54.48,4.81,68.05,Barley
28,112,84,36.63,50.95,8.54,221.11,Rice
62,119,127,18.93,43.41,5.04,175.81,Rice
113,43,139,22.74,47.62,5.98,241.29,Wheat
48,55,188,22.25,57.1,8.17,171.32,Barley
80,27,168,36.79,31.3,7.19,87.35,Cotton
83,110,160,31.82,60.04,6.27,212.06,Sugarcane
104,78,177,34.92,76.38,6.63,93.1,Wheat
117,5,116,21.26,73.21,8.35,268.1,Wheat
85,107,195,30.62,30.77,6.03,203.28,Barley
62,60,126,29.29,30.45,8.41,89.3,Barley
103,19,70,35.82,38.77,4.9,290.58,Barley
48,113,85,37.65,45.28,8.0,179.59,Wheat
70,77,32,15.3,48.59,8.31,68.22,Soybean
0,1,80,31.85,67.58,5.32,206.71,Maize
122,72,151,16.3,23.97,6.44,113.3,Cotton
61,36,60,28.72,22.43,5.24,250.92,Rice
31,19,60,22.19,47.43,7.68,254.46,Sugarcane
28,25,97,22.67,68.8,6.91,294.74,Cotton
48,28,27,23.82,33.54,7.36,175.47,Barley
29,0,185,30.53,64.91,5.38,163.74,Rice
18,118,42,23.35,38.19,5.45,238.37,Barley
17,34,168,33.32,82.03,4.69,83.12,Barley
0,69,166,25.11,82.7,5.95,186.73,Cotton
77,100,85,16.71,40.81,7.02,186.56,Maize
114,116,176,34.59,36.1,8.36,72.37,Sugarcane
112,58,16,22.14,48.79,7.5,154.5,Rice
113,68,97,25.82,36.84,6.46,263.32,Sugarcane
62,32,197,32.14,67.07,8.79,264.04,Barley
131,112,197,23.31,77.82,7.74,74.81,Maize
128,50,97,16.41,67.12,8.69,72.68,Cotton
7,77,64,24.35,77.7,6.87,115.67,Soybean
54,11,73,38.61,47.79,5.67,268.69,Rice
102,105,84,31.04,30.94,4.74,82.23,Cotton
130,19,4,31.79,71.66,7.77,230.0,Rice
31,52,1,30.81,45.23,5.05,75.29,Barley
9,113,21,19.97,66.99,5.86,205.78,Soybean
109,87,111,25.46,38.95,6.9,139.02,Rice
123,42,56,33.77,25.69,7.04,247.23,Barley
86,97,65,17.53,89.48,7.2,108.42,Maize
54,88,73,21.95,30.93,5.25,209.8,Maize
31,49,97,21.91,89.19,6.21,108.92,Barley
134,28,143,25.8,88.41,7.28,228.42,Cotton
92,56,111,39.51,75.57,8.86,268.42,Sugarcane
7,38,178,16.69,66.16,7.77,81.7,Maize
64,94,124,27.97,60.45,8.65,266.65,Barley
56,55,166,19.48,80.63,7.93,198.39,Barley
66,110,85,39.27,40.26,7.16,81.78,Cotton
71,42,75,17.83,52.74,5.36,156.89,Sugarcane
53,49,87,25.09,63.36,7.5,90.22,Barley
66,22,167,33.45,48.78,7.31,225.09,Soybean
50,43,37,32.61,49.92,7.21,239.72,Soybean
96,37,187,25.57,43.12,6.7,76.45,Sugarcane
91,83,58,23.66,59.5,6.88,176.53,Maize
7,22,137,24.94,79.54,6.0,253.66,Rice
34,44,98,21.61,34.11,6.84,284.04,Maize
95,51,191,20.13,85.41,5.39,178.38,Barley
87,79,62,27.08,68.24,8.12,287.57,Barley
77,49,48,21.71,77.63,5.34,183.92,Sugarcane
31,105,191,22.19,58.93,4.88,148.55,Wheat
119,118,31,31.42,74.57,6.46,262.05,Sugarcane
45,7,134,39.21,21.13,7.46,173.25,Soybean
54,113,20,30.09,77.29,6.47,167.98,Barley
6,84,19,16.92,22.81,5.75,172.58,Maize
73,0,153,16.89,82.29,7.01,261.7,Maize
6,118,126,38.79,89.44,6.06,257.99,Soybean
84,7,67,22.43,40.58,8.7,150.88,Soybean
111,28,109,17.3,34.72,8.65,133.32,Barley
124,95,115,29.98,73.58,6.76,172.98,Sugarcane
35,101,142,30.59,37.71,5.98,193.19,Barley
28,4,119,31.21,80.59,7.82,109.58,Sugarcane
81,110,78,21.69,27.2,4.67,248.49,Rice
1,85,115,15.38,28.82,6.64,171.62,Maize
128,46,91,39.13,88.54,6.01,133.51,Wheat
46,33,13,21.27,67.17,8.64,76.71,Soybean
10,64,154,31.9,79.28,4.55,109.71,Wheat
129,54,124,32.67,42.7,6.99,287.32,Barley
118,118,167,30.25,67.35,7.83,126.27,Wheat
139,89,57,22.82,61.6,6.68,92.21,Barley
19,42,27,21.78,62.22,4.88,165.17,Barley
4,73,25,29.94,67.78,8.88,126.77,Sugarcane
36,29,112,36.65,60.28,6.83,58.79,Rice
136,113,190,38.67,50.03,7.26,130.79,Soybean
52,81,65,17.65,39.31,5.56,186.03,Barley
98,16,152,18.87,73.8,6.68,187.93,Soybean
85,25,130,38.62,35.84,6.43,139.14,Wheat
107,7,199,33.41,68.46,4.84,161.83,Wheat
23,46,43,37.07,36.33,4.98,291.38,Sugarcane
80,103,96,20.07,63.77,8.27,144.34,Cotton
119,112,41,29.69,72.3,5.58,114.56,Cotton
58,75,5,32.53,35.31,5.38,110.87,Wheat
127,90,166,32.0,24.2,6.77,164.44,Sugarcane
113,71,179,25.2,29.17,7.96,239.88,Barley
114,88,22,15.38,62.42,4.78,101.5,Soybean
